Reference,Value,Datasheet,Footprint,Qty,DNP,Order,Order1,,,,,,,,,,,,,
SW1,SW_Push,~,Button_Switch_SMD:SW_SPST_CK_RS282G05A3,1,,https://lcsc.com/product-detail/image/TS-1101-C-W_C318938.html,,,,,,,,,,,,,,
U4,STM32F407VETx,https://www.st.com/resource/en/datasheet/stm32f407ve.pdf,Package_QFP:LQFP-100_14x14mm_P0.5mm,1,,https://lcsc.com/product-detail/image/STM32F407VET6TR_C5269943.html,,,,,,,,,,,,,,
"D18,D19",SS210,https://www.wontop.com/uploadfiles/56/sort_excel/pdf/ss22.pdf,Diode_SMD:D_SMA,2,,https://lcsc.com/product-detail/image/SS210_C488408.html,,,,,,,,,,,,,,
"D45,D50",SS34,~,Diode_SMD:D_SMA,2,,https://www.lcsc.com/product-detail/Schottky-Diodes_GOODWORK-SS34_C908680.html?s_z=n_ss34,,,,,,,,,,,,,,
"U23,U24",SP3485EN-L/TR,http://www.icbase.com/pdf/SPX/SPX00480106.pdf,Package_SO:SOIC-8_3.9x4.9mm_P1.27mm,2,,https://lcsc.com/product-detail/image/SP3485EN-L-TR_C8963.html,,,,,,,,,,,,,,
J10,RJ45_LED_Shielded,~,Connector_RJ:RJ45_Hanrun_HR911105A_Horizontal,1,,https://lcsc.com/product-detail/image/RJ45-334-053-01_C47345453.html,,,,,,,,,,,,,,
U3,Quectel_EC800M_CNGC-I03-SNNDA,,CTS_RF_GSM:Quectel_EC800M_CN,1,,https://linhkienthuduc.com/san-pham/module-sim-quectel-4g-ec800m-ho-tro-volte-cai/?srsltid=AfmBOoqqm4X5U8XqruXns4vibEk_N1nG3E7IiVTBr967UCtKbWFkmqob,,,,,,,,,,,,,,
J15,PJ012-8P8C1,~,Connector_RJ:RJ45_OST_PJ012-8P8CX_Vertical,1,,https://lcsc.com/product-detail/image/R-RJ45S08P-A004_C2902702.html,,,,,,,,,,,,,,
D44,PESD3V3L4UF,https://assets.nexperia.com/documents/data-sheet/PESDXL4UF_G_W.pdf,Package_TO_SOT_SMD:SOT-886,1,,https://www.mouser.vn/ProductDetail/Nexperia/PESD3V3L4UF115?qs=LOCUfHb8d9tNJS4807IAKw%3D%3D&srsltid=AfmBOoq3q6TdOa7R2NzzI0WE_y96iRiJ4J4ce61u_tpkIiRiiw0ZUdW_,,,,,,,,,,,,,,
"D2,D4,D6,D7,D8,D10",PESD2V0Y1BS,https://assets.nexperia.com/documents/data-sheet/PESD2V0Y1BSF.pdf,Diode_SMD:D_0201_0603Metric,6,,https://www.mouser.vn/ProductDetail/Nexperia/PESD2V0Y1BSFYL?qs=F5EMLAvA7IB7r2%252BuwsNJ2A%3D%3D,,,,,,,,,,,,,,
U1,NXB0104PWJ,http://www.union-ic.com/Upload/Datasheet/Datasheet_UM3204_Rev12.pdf,Package_SO:TSSOP-14-1EP_4.4x5mm_P0.65mm,1,,https://www.lcsc.com/product-detail/Translators-Level-Shifters_Nexperia-NXB0104PWJ_C551619.html,,,,,,,,,,,,,,
J6,NTC,~,Connector_Molex:Molex_KK-254_AE-6410-02A_1x02_P2.54mm_Vertical,1,,https://lcsc.com/product-detail/image/B2B-XH-A-LF-SN_C158012.html,,,,,,,,,,,,,,
J3,NMJ6HCD2,https://www.neutrik.com/en/product/nmj6hcd2,Connector_Audio:Jack_3.5mm_CUI_SJ2-3593D-SMT_Horizontal,1,,https://lcsc.com/product-detail/image/PJ-342_C668606.html,,,,,,,,,,,,,,
BT1,Ni-NH3.6V,~,SL_Bat:NI-NH3.6V,1,,https://nshopvn.com/product/pin-sac-ni-mh/?variant=144643,,,,,,,,,,,,,,
"U34,U35",NCP5183DR2G,,Package_SO:SOIC-8_3.9x4.9mm_P1.27mm,2,,https://lcsc.com/product-detail/Gate-Drivers_onsemi-NCP5183DR2G_C904511.html?s_z=n_NCP5183DR2G,,,,,,,,,,,,,,
U11,MCP1799T-3302H/DB,https://ww1.microchip.com/downloads/en/DeviceDoc/MCP1799-Data-Sheet-20006248A.pdf,Package_TO_SOT_SMD:SOT-23,1,,https://lcsc.com/product-detail/Voltage-Regulators-Linear-Low-Drop-Out-LDO-Regulators_TECH-PUBLIC-TPMCP1799T-3302H-DB_C42394081.html?s_z=n_MCP1799T-3302H%252FDB,,,,,,,,,,,,,,
U28,MC34063AD,http://www.onsemi.com/pub_link/Collateral/MC34063A-D.PDF,Package_SO:SOIC-8_3.9x4.9mm_P1.27mm,1,,https://lcsc.com/product-detail/image/MC34063ADR_C100023.html,,,,,,,,,,,,,,
D40,MBR0520,http://www.mccsemi.com/up_pdf/MBR0520~MBR0580(SOD123).pdf,Diode_SMD:D_SOD-123,1,,https://lcsc.com/product-detail/image/MBR0520LT1G_C23848.html,,,,,,,,,,,,,,
D39,MBR0520,http://www.mccsemi.com/up_pdf/MBR0520~MBR0580(SOD123).pdf,Diode_SMD:D_SOD-123,1,,https://lcsc.com/product-detail/image/MBR0520_C5204745.html,,,,,,,,,,,,,,
U8,MAX3232,https://datasheets.maximintegrated.com/en/ds/MAX3222-MAX3241.pdf,Package_SO:SOP-16_3.9x9.9mm_P1.27mm,1,,https://www.lcsc.com/product-detail/RS232-ICs_Texas-Instruments-MAX3232EIDR_C193666.html?s_z=n_MAX3232,,,,,,,,,,,,,,
"AE2,AE3",LTE,~,-- mixed values --,2,,https://www.lcsc.com/product-detail/RF-Connectors-Coaxial-Connectors_BAT-WIRELESS-BWSMA-KE-P001_C496550.html,,,,,,,,,,,,,,
"U16,U36",LMV321,http://www.ti.com/lit/ds/symlink/lmv324.pdf,Package_TO_SOT_SMD:SOT-23-5_HandSoldering,2,,https://lcsc.com/product-detail/image/LMV321IDBVR_C7972.html,,,,,,,,,,,,,,
U9,LM2596S-5,http://www.ti.com/lit/ds/symlink/lm2596.pdf,Package_TO_SOT_SMD:TO-263-5_TabPin3,1,,https://lcsc.com/product-detail/image/LM2596S-5-0_C5276750.html,,,,,,,,,,,,,,
U33,LM5017SD,http://www.ti.com/lit/ds/symlink/lm5017.pdf,Package_SON:WSON-8-1EP_4x4mm_P0.8mm_EP1.98x3mm,1,,https://www.mouser.vn/ProductDetail/Texas-Instruments/LM5017SD-NOPB?qs=iiglMaU8SAdQJx7ZXr%252BBlQ%3D%3D&srsltid=AfmBOooXXU3ASupGjZuKDGf3qDGLZvltX6rVMSK2fyLZUJVy21tiRzF-,,,,,,,,,,,,,,
"D37,D38",LED_Dual_AAKK,~,CTS_LED_THT:LED_D3.0mmP2.54_2x2_Horizontal__ACAC,2,,https://lcsc.com/product-detail/image/MHK2310RRBTD_C2764897.html,,,,,,,,,,,,,,
"D1,D3,D11,D41,D42,D43,D46,D47,D48,D52,D53",LED,~,-- mixed values --,11,,https://www.lcsc.com/product-detail/Light-Emitting-Diodes-LED_XINGLIGHT-XL-2012SURC_C965812.html,,,,,,,,,,,,,,
Q13,IRF740,http://www.vishay.com/docs/91054/91054.pdf,Package_TO_SOT_THT:TO-220-3_Vertical,1,,https://lcsc.com/product-detail/image/IRF740_C358408.html,,,,,,,,,,,,,,
"Q8,Q9,Q10,Q11",IPD053N08N3GATMA1,https://www.infineon.com/dgdl/Infineon-IPD50R380CE-DS-v02_01-en.pdf?fileId=db3a30433ecb86d4013ed0a2ef580f38,Package_TO_SOT_SMD:TO-252-2,4,,https://www.mouser.com/ProductDetail/Infineon-Technologies/IPD053N08N3GATMA1?qs=3Bi3m9r5MQbqPBHFEv2uTQ%3D%3D,,,,,,,,,,,,,,
"Q7,Q14",IPD053N08N3GATMA1,https://www.infineon.com/dgdl/Infineon-IPD50R380CE-DS-v02_01-en.pdf?fileId=db3a30433ecb86d4013ed0a2ef580f38,Package_TO_SOT_SMD:TO-252-2,2,,https://www.mouser.com/ProductDetail/Infineon-Technologies/IPD053N08N3GATMA1?qs=3Bi3m9r5MQbqPBHFEv2uTQ%3D%3D&srsltid=AfmBOoqBrUTgscBYnOP4M8PfFPxqnfI-XQ4hNAr7mChqfNOpxYw-ShdW,,,,,,,,,,,,,,
J9,ID09S33E4GV00LF,~,Connector_Dsub:DSUB-9_Female_Horizontal_P2.77x2.84mm_EdgePinOffset4.94mm_Housed_MountingHolesOffset7.48mm,1,,https://lcsc.com/product-detail/D-Sub-VGA-Connectors_XUNPU-D-SUB-DR-9PCM-CB_C19077337.html?s_z=n_db9,,,,,,,,,,,,,,
U37,HLSR_50-P_SP33,,SL_Sensor_Current:XDCR_HLSR_50-P_SP33,1,,https://www.digikey.com/en/products/detail/lem-usa-inc/HLSR-50-P/4331982,,,,,,,,,,,,,,
U31,HLSR 80-P/SP10,,SL_Sensor_Current:XDCR_HLSR_50-P_SP33,1,,https://www.digikey.com/en/products/detail/lem-usa-inc/HLSR-50-P/4331982,,,,,,,,,,,,,,
U2,GPS GNSS LC86L Quectel,,QSL_RF_GPS:MODULE_LC86L,1,,https://www.proe.vn/gps-gnss-lc86l-quectel,,,,,,,,,,,,,,
AE1,GPS,~,Connector_Coaxial:SMA_Amphenol_132289_EdgeMount,1,,https://www.lcsc.com/product-detail/RF-Connectors-Coaxial-Connectors_BAT-WIRELESS-BWSMA-KE-P001_C496550.html,,,,,,,,,,,,,,
U25,FS8205,,Package_SO:TSSOP-8_4.4x3mm_P0.65mm,1,,https://icdayroi.com/fs8205a,,,,,,,,,,,,,,
U5,ESP32-WROOM-32UE-N4,https://www.espressif.com/sites/default/files/documentation/esp32-wroom-32_datasheet_en.pdf,RF_Module:ESP32-WROOM-32U,1,,https://lcsc.com/product-detail/image/ESP32-WROOM-32UE-N4_C701344.html,,,,,,,,,,,,,,
U10,ENC28J60/SS,http://ww1.microchip.com/downloads/en/devicedoc/39662e.pdf,CTS_Package_SO:SOIC-28W_7.5x17.9mm_P1.27mm,1,,https://lcsc.com/product-detail/image/ENC28J60-SS_C8961.html,,,,,,,,,,,,,,
U27,DW01A,https://hmsemi.com/downfile/DW01A.PDF,Package_TO_SOT_SMD:SOT-23-6,1,,https://lcsc.com/product-detail/image/DW01A_C2927799.html,,,,,,,,,,,,,,
U26,DS3231M,http://datasheets.maximintegrated.com/en/ds/DS3231.pdf,Package_SO:SOIC-16W_7.5x10.3mm_P1.27mm,1,,https://lcsc.com/product-detail/image/DS3231SN-T-R_C9866.html,,,,,,,,,,,,,,
Q16,DMP3028LFD,https://datasheet.lcsc.com/lcsc/1912111437_Diodes-Incorporated-DMP3028LFDE-13_C150441.pdf,Package_TO_SOT_SMD:TO-252-2,1,,https://www.lcsc.com/product-detail/MOSFETs_Diodes-Incorporated-DMP3028LFDE-13_C150441.html,,,,,,,,,,,,,,
"Q2,Q4",DMG1012T,https://www.diodes.com/assets/Datasheets/ds31783.pdf,Package_TO_SOT_SMD:SOT-523,2,,https://lcsc.com/product-detail/image/DMG1012T-7_C20512.html,,,,,,,,,,,,,,
D5,DESD3V3E1BL-7B,https://www.st.com/content/ccc/resource/technical/document/datasheet/group2/13/b7/cb/ef/22/fb/46/82/CD00005102/files/CD00005102.pdf/jcr:content/translations/en.CD00005102.pdf,CTS_Diode_SMD:CTS_D_0402_1005Metric,1,,https://www.lcsc.com/product-detail/esd-and-surge-protection-tvs-esd_diodes-incorporated-desd3v3e1bl-7b_C461817.html,,,,,,,,,,,,,,
"J12,J13",Conn_01x02,~,"TerminalBlock_Phoenix:TerminalBlock_Phoenix_MKDS-1,5-2-5.08_1x02_P5.08mm_Horizontal",2,,https://lcsc.com/product-detail/image/DB128V-5-08-2P-GN-S_C2915639.html,,,,,,,,,,,,,,
J11,Conn_01x02,~,TerminalBlock_Dinkle:TerminalBlock_Dinkle_DT-55-B01X-02_P10.00mm,1,,https://lcsc.com/product-detail/Barrier-Terminal-Blocks_TE-Connectivity-6PCV-02-006_C3656257.html?s_z=n_6PCV-02-006,,,,,,,,,,,,,,
J5,Conn_01x02,~,Connector_Molex:Molex_KK-254_AE-6410-02A_1x02_P2.54mm_Vertical,1,,https://lcsc.com/product-detail/image/B2B-XH-A-LF-SN_C158012.html,,,,,,,,,,,,,,
J4,Conn_01x02,~,TerminalBlock_Dinkle:TerminalBlock_Dinkle_DT-55-B01X-02_P10.00mm,1,,https://lcsc.com/product-detail/Barrier-Terminal-Blocks_TE-Connectivity-6PCV-02-006_C3656257.html?s_z=n_6PCV-02-006,https://lcsc.com/product-detail/Barrier-Terminal-Blocks_TE-Connectivity-6PCV-02-006_C3656257.html?s_z=n_6PCV-02-006,,,,,,,,,,,,,
L8,CMLF0302-3R3MTT,https://datasheet.lcsc.com/lcsc/1912111437_Cybermax-CMLF0302-3R3MTT_C405090.pdf,Inductor_SMD_Wurth:L_Wurth_WE-LQSH-3012,1,,https://www.lcsc.com/product-detail/Power-Inductors_Cybermax-CMLF0302-3R3MTT_C405090.html,,,,,,,,,,,,,,
D49,"BZX384-C12,115",https://diotec.com/tl_files/diotec/files/pdf/datasheets/bzx84c2v4.pdf,Diode_SMD:D_SOD-323_HandSoldering,1,,https://www.lcsc.com/product-detail/Zener-Diodes_Nexperia-BZX384-C12-115_C454968.html,,,,,,,,,,,,,,
Q12,BC847,http://www.infineon.com/dgdl/Infineon-BC847SERIES_BC848SERIES_BC849SERIES_BC850SERIES-DS-v01_01-en.pdf?fileId=db3a304314dca389011541d4630a1657,Package_TO_SOT_SMD:SOT-23,1,,https://lcsc.com/product-detail/image/BC847B-215_C57668.html,,,,,,,,,,,,,,
"Q6,Q15",BC847,http://www.infineon.com/dgdl/Infineon-BC847SERIES_BC848SERIES_BC849SERIES_BC850SERIES-DS-v01_01-en.pdf?fileId=db3a304314dca389011541d4630a1657,-- mixed values --,2,,https://www.lcsc.com/product-detail/Bipolar-BJT_Nexperia-BC847B-215_C57668.html?s_z=n_BC847,,,,,,,,,,,,,,
PS1,B05_S-1WR3,https://www.digikey.com/en/products/detail/mornsun-america-llc/B0505S-1WR3/13168098,QSL_ConverterDCDC:MORNSUN_B0505S_1WR3,1,,https://lcsc.com/product-detail/image/B0505S-1WR3_C7465178.html,,,,,,,,,,,,,,
U29,AP62200,https://www.diodes.com/assets/Datasheets/AP62300_AP62301_AP62300T.pdf,CTS_Package_TO_SOT_SMD:TSOT-26,1,,https://www.lcsc.com/product-detail/DC-DC-Converters_Diodes-Incorporated-AP62200TWU-7_C2895288.html,,,,,,,,,,,,,,
R51,91K 1%,~,CTS_Resistor_SMD:R_0805_2012Metric,1,,https://lcsc.com/product-detail/image/RT0805BRD0791KL_C865700.html,,,,,,,,,,,,,,
R54,88K7 1%,~,CTS_Resistor_SMD:R_0805_2012Metric,1,,https://lcsc.com/product-detail/image/RT0805BRD0788K7L_C706252.html,,,,,,,,,,,,,,
R73,82K 1%,~,CTS_Resistor_SMD:R_0805_2012Metric,1,,https://lcsc.com/product-detail/image/0805W8F8202T5E_C17840.html,,,,,,,,,,,,,,
"U6,U7",74HC14,http://www.ti.com/lit/gpn/sn74HC14,Package_SO:SOIC-14_3.9x8.7mm_P1.27mm,2,,https://www.lcsc.com/product-detail/Inverters_Nexperia-74HC14D-653_C5605.html?s_z=n_74hc14,,,,,,,,,,,,,,
"R137,R142",7.15k 1%,~,CTS_Resistor_SMD:R_0402_1005Metric,2,,https://www.lcsc.com/product-detail/Chip-Resistor-Surface-Mount_YAGEO-RC0402FR-077K15L_C185395.html,,,,,,,,,,,,,,
R135,7.15K 1%,~,Resistor_SMD:R_0805_2012Metric,1,,https://www.lcsc.com/product-detail/Chip-Resistor-Surface-Mount_Walsin-Tech-Corp-WR08X7151FTL_C170957.html?s_z=n_10k,,,,,,,,,,,,,,
"F1,F2,F3,F5",652-SF-1206SA075M-2,~,Fuse:Fuse_1812_4532Metric,4,,https://www.mouser.vn/ProductDetail/Bourns/SF-1206SA075M-2?qs=sGAEpiMZZMsIz3CjQ1xegZx2pdJYlypr%2FIfg%2FKw6KbKrYBcYhzO10Q%3D%3D,,,,,,,,,,,,,,
L2,631-RN202-0.3-02-22M,~,CTS_Inductor_THT:Choke_Schaffner_RN202-04-8.8x18.2mm,1,,https://www.mouser.vn/ProductDetail/Schaffner/RN202-0.3-02-22M?qs=sGAEpiMZZMtyFaoUegSfpgDo1ggbX6XvBGZ4sMiPvErRLCweJaPYaA%3D%3D,,,,,,,,,,,,,,
R50,5.6K 1%,~,CTS_Resistor_SMD:R_0805_2012Metric,1,,https://lcsc.com/product-detail/image/0805W8F5601T5E_C4382.html,,,,,,,,,,,,,,
R53,499K 1%,~,CTS_Resistor_SMD:R_0805_2012Metric,1,,https://lcsc.com/product-detail/image/FRC0805F4993TS_C2960934.html,,,,,,,,,,,,,,
"L6,L7",33uH Ferrite 2.44A,~,Inductor_SMD:L_Taiyo-Yuden_NR-60xx,2,,https://lcsc.com/product-detail/image/CYA0650-33UH_C5189937.html,,,,,,,,,,,,,,
"C43,C132",330uF/160V,~,CTS_Capacitor_THT:C_Radial_D16.0mm_H25.0mm_P7.50mm,2,,https://lcsc.com/product-detail/image/EKXJ161ELL331MLN3S_C705523.html,,,,,,,,,,,,,,
"C44,C143,C144,C145,C146,C147",330uF/160,~,Capacitor_THT:C_Radial_D18.0mm_H35.5mm_P7.50mm,6,,https://lcsc.com/product-detail/image/EKXJ161ELL331MLN3S_C705523.html,,,,,,,,,,,,,,
C33,330uF/16V,~,Capacitor_Tantalum_SMD:CP_EIA-6032-28_Kemet-C_Pad2.25x2.35mm_HandSolder,1,,https://lcsc.com/product-detail/Tantalum-Capacitors_Kyocera-AVX-TAJC107M016RNJ_C68621.html,,,,,,,,,,,,,,
F4,32v/60A,~,SL_FUSE:FUSE_50A,1,,https://lcsc.com/product-detail/image/0299060-ZXNV_C178945.html,,,,,,,,,,,,,,
"R59,R60,R62,R145,R146,R147",2R4,~,CTS_Resistor_SMD:R_0805_2012Metric,6,,https://lcsc.com/product-detail/image/FRC0805F2R40TS_C2930331.html,,,,,,,,,,,,,,
"Q1,Q3",2N7002,~,Package_TO_SOT_SMD:SOT-23,2,,https://www.lcsc.com/product-detail/MOSFETs_Jiangsu-Changjing-Electronics-Technology-Co-Ltd-2N7002_C8545.html,,,,,,,,,,,,,,
R140,2k2,~,Resistor_SMD:R_0805_2012Metric,1,,https://www.lcsc.com/product-detail/Chip-Resistor-Surface-Mount_FOJAN-FRC0805J222-TS_C2907303.html?s_z=n_10k,,,,,,,,,,,,,,
"R67,R69",2k2,~,CTS_Resistor_SMD:R_0805_2012Metric,2,,https://lcsc.com/product-detail/image/0805W8F2201T5E_C17520.html,,,,,,,,,,,,,,
R35,2K1%,~,Resistor_SMD:R_0805_2012Metric,1,,https://www.lcsc.com/product-detail/Chip-Resistor-Surface-Mount_FH-Guangdong-Fenghua-Advanced-Tech-RS-05K2101FT_C322350.html?s_z=n_10k,,,,,,,,,,,,,,
R141,24k 1%,~,Resistor_SMD:R_0805_2012Metric,1,,https://www.lcsc.com/product-detail/Chip-Resistor-Surface-Mount_YAGEO-RC0402FR-0724KL_C138026.html,,,,,,,,,,,,,,
D51,1N5819,http://www.vishay.com/docs/88525/1n5817.pdf,Diode_SMD:D_SOD-123F,1,,https://lcsc.com/product-detail/Schottky-Diodes_Guangdong-Hottech-1N5819WS_C191023.html?s_z=n_1n5819,,,,,,,,,,,,,,
D16,1N4148W,https://www.vishay.com/docs/85748/1n4148w.pdf,Diode_SMD:D_MiniMELF,1,,https://lcsc.com/product-detail/Switching-Diodes_VISHAY-1N4148W-E3-08_C241939.html?s_z=n_1N4148W,,,,,,,,,,,,,,
R139,1k2,~,Resistor_SMD:R_0805_2012Metric,1,,https://www.lcsc.com/product-detail/Chip-Resistor-Surface-Mount_RALEC-RTT05122JTP_C103956.html?s_z=n_10k,,,,,,,,,,,,,,
J2,1932768-1,https://www.te.com/commerce/DocumentDelivery/DDEController?Action=showdoc&DocId=Specification+Or+Standard%7F108-115024%7FA%7Fpdf%7FEnglish%7FENG_SS_108-115024_A.pdf%7F1932768-1,Connector_Card:nanoSIM_Hinged_CUI_NSIM-2-C,1,,https://lcsc.com/product-detail/image/NANO-SIM-XG6P-H1-35_C7529386.html,,,,,,,,,,,,,,
C46,10uF/25V,~,Capacitor_Tantalum_SMD:CP_EIA-3216-12_Kemet-S,1,,https://lcsc.com/product-detail/image/T491A106K016AT_C110055.html,,,,,,,,,,,,,,
"C76,C80",10uF/10V,~,Capacitor_Tantalum_SMD:CP_EIA-3216-18_Kemet-A,2,,https://www.lcsc.com/product-detail/Tantalum-Capacitors_CEC-Shenzhen-Zhenhua-XinYun-Elec-CA45-A-16V-10uF-K_C128254.html,,,,,,,,,,,,,,
"R74,R75",10K 1%,~,CTS_Resistor_SMD:R_0805_2012Metric,2,,https://lcsc.com/product-detail/image/RC0805FR-0710KL_C84376.html,,,,,,,,,,,,,,
"R52,R55,R76",10K 1%,~,CTS_Resistor_SMD:R_0805_2012Metric,3,,https://www.lcsc.com/product-detail/Chip-Resistor-Surface-Mount_YAGEO-AC0805FR-7W10KL_C855098.html?s_z=n_10k,,,,,,,,,,,,,,
"C70,C71",104/50V,~,Capacitor_SMD:C_0805_2012Metric,2,,https://www.lcsc.com/product-detail/Multilayer-Ceramic-Capacitors-MLCC-SMD-SMT_YAGEO-CC0805KRX7R9BB104_C49678.html,,,,,,,,,,,,,,
C31,103/3KW,~,Capacitor_THT:C_Disc_D7.0mm_W2.5mm_P5.00mm,1,,https://lcsc.com/product-detail/image/CY2103MD1IEF4CC2A8_C2761719.html,,,,,,,,,,,,,,
"C32,C34,C112,C115",100uF/16V,~,-- mixed values --,4,,https://lcsc.com/product-detail/Tantalum-Capacitors_Kyocera-AVX-TAJC107M016RNJ_C68621.html,,,,,,,,,,,,,,
R49,100K 1%,~,CTS_Resistor_SMD:R_0805_2012Metric,1,,https://lcsc.com/product-detail/image/RC0805FR-07100KL_C96346.html,,,,,,,,,,,,,,
"R58,R150",0R004 1%,~,Resistor_SMD:R_2512_6332Metric,2,,https://lcsc.com/product-detail/image/FRP2512F0000TS_C5204052.html,,,,,,,,,,,,,,
Y2,25MHz,~,Crystal:Crystal_SMD_Qantek_QC5CB-2Pin_5x3.2mm,1,,https://lcsc.com/product-detail/image/X503225MSB2GI_C112569.html,,,,,,,,,,,,,,
Y1,8MHZ,~,Crystal:Crystal_SMD_Abracon_ABM7-2Pin_6.0x3.5mm,1,,https://lcsc.com/product-detail/image/X50328MSB2GI_C115962.html,,,,,,,,,,,,,,
R128,1M,~,Resistor_SMD:R_0805_2012Metric,1,,https://www.lcsc.com/product-detail/Chip-Resistor-Surface-Mount_UNI-ROYAL-Uniroyal-Elec-0805W8F1004T5E_C17514.html?s_z=n_10k,,,,,,,,,,,,,,
"R38,R40",56K,~,Resistor_SMD:R_0805_2012Metric,2,,https://www.lcsc.com/product-detail/Chip-Resistor-Surface-Mount_UNI-ROYAL-Uniroyal-Elec-0805W8F5602T5E_C17756.html?s_z=n_10k,,,,,,,,,,,,,,
"R2,R7,R136",47k,~,Resistor_SMD:R_0805_2012Metric,3,,https://www.lcsc.com/product-detail/Chip-Resistor-Surface-Mount_Viking-Tech-ARG05FTC4702_C218592.html?s_z=n_10k,,,,,,,,,,,,,,
"R3,R4,R9,R17,R19",47K,~,Resistor_SMD:R_0805_2012Metric,5,,https://www.lcsc.com/product-detail/Chip-Resistor-Surface-Mount_Viking-Tech-ARG05FTC4702_C218592.html?s_z=n_10k,,,,,,,,,,,,,,
"R129,R130,R134",33K,~,Resistor_SMD:R_0805_2012Metric,3,,https://www.lcsc.com/product-detail/Chip-Resistor-Surface-Mount_Viking-Tech-ARG05FTC3302_C218519.html?s_z=n_10k,,,,,,,,,,,,,,
"R72,R153",30K,~,CTS_Resistor_SMD:R_0805_2012Metric,2,,https://lcsc.com/product-detail/image/RC0805FR-0730KL_C126352.html,,,,,,,,,,,,,,
R144,10K,~,CTS_Resistor_SMD:R_0805_2012Metric,1,,https://lcsc.com/product-detail/image/RC0805FR-0710KL_C84376.html,,,,,,,,,,,,,,
R48,10K,~,Resistor_SMD:R_1206_3216Metric,1,,https://lcsc.com/product-detail/image/1206W4F1002T5E_C17902.html,,,,,,,,,,,,,,
"R20,R24,R26,R61,R63,R143,R148,R149",10K,~,-- mixed values --,8,,https://www.lcsc.com/product-detail/Chip-Resistor-Surface-Mount_YAGEO-AC0805FR-7W10KL_C855098.html?s_z=n_10k,,,,,,,,,,,,,,
R66,10k,~,CTS_Resistor_SMD:R_0805_2012Metric,1,,https://www.lcsc.com/product-detail/Chip-Resistor-Surface-Mount_YAGEO-AC0805FR-7W10KL_C855098.html?s_z=n_10k,,,,,,,,,,,,,,
"R27,R28,R39,R41,R122,R124,R125,R127",4.7K,~,Resistor_SMD:R_0805_2012Metric,8,,https://www.lcsc.com/product-detail/Chip-Resistor-Surface-Mount_Viking-Tech-ARG05FTC4701_C218604.html?s_z=n_10k,,,,,,,,,,,,,,
"R22,R23",4.7k,~,CTS_Resistor_SMD:R_0603_1608Metric,2,,https://www.lcsc.com/product-detail/Chip-Resistor-Surface-Mount_YAGEO-RC0805FR-074K7L_C60816.html,,,,,,,,,,,,,,
"R71,R152",1K,~,CTS_Resistor_SMD:R_0805_2012Metric,2,,https://lcsc.com/product-detail/image/RC0805FR-071KL_C95781.html,,,,,,,,,,,,,,
"R42,R45,R119,R121,R126",1K,~,Resistor_SMD:R_0805_2012Metric,5,,https://www.lcsc.com/product-detail/Chip-Resistor-Surface-Mount_FH-Guangdong-Fenghua-Advanced-Tech-RS-05K301JT_C139887.html?s_z=n_10k,,,,,,,,,,,,,,
"R43,R44,R117,R118",560,~,Resistor_SMD:R_0805_2012Metric,4,,https://www.lcsc.com/product-detail/Chip-Resistor-Surface-Mount_Viking-Tech-AR05FTD5600_C304116.html?s_z=n_10k,,,,,,,,,,,,,,
R11,500R,~,Resistor_SMD:R_0805_2012Metric,1,,https://www.lcsc.com/product-detail/Chip-Resistor-Surface-Mount_YAGEO-RC0603FR-0747KL_C105579.html,,,,,,,,,,,,,,
"R1,R6,R18",470,~,Resistor_SMD:R_0805_2012Metric,3,,https://www.lcsc.com/product-detail/Chip-Resistor-Surface-Mount_Viking-Tech-ARG05FTC4700_C218590.html?s_z=n_10k,,,,,,,,,,,,,,
"R21,R47,R116,R133",330,~,Resistor_SMD:R_0805_2012Metric,4,,https://www.lcsc.com/product-detail/Chip-Resistor-Surface-Mount_FOJAN-FRC0805F3300TS_C2930157.html?s_z=n_10k,,,,,,,,,,,,,,
"R29,R30,R33,R34,R131,R132",220,~,Resistor_SMD:R_0805_2012Metric,6,,https://www.lcsc.com/product-detail/Chip-Resistor-Surface-Mount_Viking-Tech-ARG05FTC2200_C218431.html?s_z=n_10k,,,,,,,,,,,,,,
"R46,R120",120,~,CTS_Resistor_SMD:R_1206_3216Metric,2,,https://www.lcsc.com/product-detail/Chip-Resistor-Surface-Mount_Viking-Tech-ARG05FTC1200_C217795.html?s_z=n_10k,,,,,,,,,,,,,,
"R56,R57,R64,R65,R68,R70,R77,R151",100R,~,CTS_Resistor_SMD:R_0805_2012Metric,8,,https://lcsc.com/product-detail/image/0805W8F1000T5E_C17408.html,,,,,,,,,,,,,,
R123,100,~,Resistor_SMD:R_0805_2012Metric,1,,https://www.lcsc.com/product-detail/Chip-Resistor-Surface-Mount_Viking-Tech-ARG05FTC1000_C217766.html?s_z=n_10k,,,,,,,,,,,,,,
"R25,R31,R32,R36,R37",49.9,~,Resistor_SMD:R_0805_2012Metric,5,,https://www.lcsc.com/product-detail/Chip-Resistor-Surface-Mount_FOJAN-FRC0805F49R9TS_C2933455.html?s_z=n_10k,,,,,,,,,,,,,,
"R12,R13,R14",22R,~,Resistor_SMD:R_0805_2012Metric,3,,https://www.lcsc.com/product-detail/Chip-Resistor-Surface-Mount_UNI-ROYAL-Uniroyal-Elec-0402WGF220JTCE_C25092.html,,,,,,,,,,,,,,
"R15,R16",22,~,Resistor_SMD:R_0603_1608Metric,2,,https://www.lcsc.com/product-detail/Chip-Resistor-Surface-Mount_UNI-ROYAL-Uniroyal-Elec-0603WAF220JT5E_C23345.html?s_z=n_10k,,,,,,,,,,,,,,
D15,16V,http://www.mccsemi.com/up_pdf/MBR0520~MBR0580(SOD123).pdf,Diode_SMD:D_SOD-123,1,,https://lcsc.com/product-detail/image/MBR0520_C5204745.html,,,,,,,,,,,,,,
R5,10R,~,Resistor_SMD:R_0805_2012Metric,1,,https://www.lcsc.com/product-detail/Chip-Resistor-Surface-Mount_FOJAN-FRC0805F10R0TS_C2907220.html?s_z=n_10k,,,,,,,,,,,,,,
R138,0.1,~,Resistor_SMD:R_1206_3216Metric,1,,https://www.lcsc.com/product-detail/Chip-Resistor-Surface-Mount_FOJAN-FRL1206FR100TS_C2934287.html?s_z=n_10k,,,,,,,,,,,,,,
L5,220uH,~,Inductor_SMD:L_Cenker_CKCS6028,1,,https://lcsc.com/product-detail/image/SLH0704S221MTT_C49241602.html,,,,,,,,,,,,,,
"L9,L10",30uH,~,Inductor_THT:L_Radial_D29.8mm_P29.30mm_Murata_1400series,2,,,,,,,,,,,,,,,,
"C114,C116,C117,C118",22uF,~,Capacitor_SMD:C_0805_2012Metric,4,,https://www.lcsc.com/product-detail/Multilayer-Ceramic-Capacitors-MLCC-SMD-SMT_Murata-Electronics-GRM21BR60J226ME39L_C77071.html,,,,,,,,,,,,,,
"C17,C20",22uF,~,Capacitor_Tantalum_SMD:CP_EIA-3216-12_Kemet-S,2,,https://www.lcsc.com/product-detail/Tantalum-Capacitors_Kyocera-AVX-TAJA226K010RNJ_C11366.html,,,,,,,,,,,,,,
"C108,C109",10uF,~,Capacitor_SMD:C_0805_2012Metric,2,,https://www.lcsc.com/product-detail/Multilayer-Ceramic-Capacitors-MLCC-SMD-SMT_Samsung-Electro-Mechanics-CL10A106MQ8NNNC_C1691.html,,,,,,,,,,,,,,
C87,10uF,~,Capacitor_SMD:C_0805_2012Metric,1,,https://lcsc.com/product-detail/image/CL21A106KOQNNNE_C1713.html,,,,,,,,,,,,,,
C11,10uF,~,Capacitor_SMD:C_0805_2012Metric,1,,https://www.lcsc.com/product-detail/Multilayer-Ceramic-Capacitors-MLCC-SMD-SMT_Samsung-Electro-Mechanics-CL05B104KO5NNNC_C1525.html,,,,,,,,,,,,,,
C141,4.7uF,~,Capacitor_Tantalum_SMD:CP_EIA-3528-12_Kemet-T,1,,https://lcsc.com/product-detail/image/TAJA475K025RNJ_C7189.html,,,,,,,,,,,,,,
"C138,C140,C142,C148,C149,C150",2.2uF,~,-- mixed values --,6,,https://www.lcsc.com/product-detail/Multilayer-Ceramic-Capacitors-MLCC-SMD-SMT_TORCH-CT41G-0402-2X1-16V-0-1-F-K-N_C141382.html,,,,,,,,,,,,,,
"C39,C72",2.2uF,~,Capacitor_SMD:C_0805_2012Metric,2,,https://www.lcsc.com/product-detail/Multilayer-Ceramic-Capacitors-MLCC-SMD-SMT_Samsung-Electro-Mechanics-CL21A225KBQNNNE_C377773.html?s_z=n_2.2uF,,,,,,,,,,,,,,
C134,1uF,~,Capacitor_SMD:C_1206_3216Metric_Pad1.33x1.80mm_HandSolder,1,,https://www.lcsc.com/product-detail/Multilayer-Ceramic-Capacitors-MLCC-SMD-SMT_TORCH-CT41G-0402-2X1-16V-0-1-F-K-N_C141382.html,,,,,,,,,,,,,,
"C94,C101",1uF,~,Capacitor_SMD:C_0805_2012Metric,2,,https://www.lcsc.com/product-detail/Multilayer-Ceramic-Capacitors-MLCC-SMD-SMT_Samsung-Electro-Mechanics-CL10A106MQ8NNNC_C1691.html,,,,,,,,,,,,,,
"C83,C88,C89,C90",1uF,~,Capacitor_SMD:C_0805_2012Metric,4,,https://www.lcsc.com/product-detail/Multilayer-Ceramic-Capacitors-MLCC-SMD-SMT_Murata-Electronics-GRM21BB11C105KA01L_C527996.html?s_z=n_16V%25201uF%2520X5R%2520%25C2%25B110%2525%25200805%2520Multilayer%2520Ceramic%2520Capacitors%2520MLCC%2520-%2520SMD%252FSMT%2520ROHS,,,,,,,,,,,,,,
"C18,C21",1uF,~,Capacitor_SMD:C_0805_2012Metric,2,,https://www.lcsc.com/product-detail/Multilayer-Ceramic-Capacitors-MLCC-SMD-SMT_Samsung-Electro-Mechanics-CL10A105KO8NNNC_C1592.html,,,,,,,,,,,,,,
"C139,C151",0.47uF,~,Capacitor_SMD:C_1206_3216Metric_Pad1.33x1.80mm_HandSolder,2,,https://lcsc.com/product-detail/image/NM1206B474K201CEGN_C725802.html,,,,,,,,,,,,,,
"C135,C136",100nF,~,CTS_Capacitor_SMD:C_0805_2012Metric,2,,https://www.lcsc.com/product-detail/Multilayer-Ceramic-Capacitors-MLCC-SMD-SMT_TORCH-CT41G-0402-2X1-16V-0-1-F-K-N_C141382.html,,,,,,,,,,,,,,
"C1,C4,C7,C10,C14,C16,C24,C27,C28,C29,C30,C35,C36,C37,C38,C40,C73,C77,C78,C79,C84,C85,C86,C91,C93,C95,C97,C98,C99,C100,C102,C103,C104,C105,C106,C107,C111,C113",100nF,~,Capacitor_SMD:C_0805_2012Metric,38,,https://www.lcsc.com/product-detail/Multilayer-Ceramic-Capacitors-MLCC-SMD-SMT_YAGEO-CC0805KRX7R9BB104_C49678.html,,,,,,,,,,,,,,
"C48,C49,C153",0.1uF,~,-- mixed values --,3,,https://www.lcsc.com/product-detail/Multilayer-Ceramic-Capacitors-MLCC-SMD-SMT_TORCH-CT41G-0402-2X1-16V-0-1-F-K-N_C141382.html,,,,,,,,,,,,,,
"C128,C130",47nF,~,CTS_Capacitor_SMD:C_0805_2012Metric,2,,https://www.lcsc.com/product-detail/Multilayer-Ceramic-Capacitors-MLCC-SMD-SMT_TORCH-CT41G-0402-2X1-16V-0-1-F-K-N_C141382.html,,,,,,,,,,,,,,
L1,27nH,~,Inductor_SMD:L_0603_1608Metric,1,,https://www.mouser.com/ProductDetail/Pulse-Electronics/PE-0603CD270JTT?qs=sGAEpiMZZMv126LJFLh8ywP9KQvK79GU8h40GnU6BFM%3D,,,,,,,,,,,,,,
C137,10nF,~,CTS_Capacitor_SMD:C_0805_2012Metric,1,,https://www.lcsc.com/product-detail/Multilayer-Ceramic-Capacitors-MLCC-SMD-SMT_TORCH-CT41G-0402-2X1-16V-0-1-F-K-N_C141382.html,,,,,,,,,,,,,,
"C74,C75,C92,C96",10nF,~,Capacitor_SMD:C_0805_2012Metric,4,,https://www.lcsc.com/product-detail/Multilayer-Ceramic-Capacitors-MLCC-SMD-SMT_YAGEO-CC0805KRX7R9BB103_C83170.html,,,,,,,,,,,,,,
"C5,C8",10nF,~,CTS_Capacitor_SMD:C_0603_1608Metric,2,,https://lcsc.com/product-detail/image/GRM1885C1H103FA01D_C5299898.html,,,,,,,,,,,,,,
"C3,C9,C12",10nF,~,Capacitor_SMD:C_0805_2012Metric,3,,https://lcsc.com/product-detail/image/GRM2195C1H103FA01D_C441760.html,,,,,,,,,,,,,,
"C126,C127,C129,C131",4.7nF,~,CTS_Capacitor_SMD:C_0805_2012Metric,4,,https://www.lcsc.com/product-detail/Multilayer-Ceramic-Capacitors-MLCC-SMD-SMT_TORCH-CT41G-0402-2X1-16V-0-1-F-K-N_C141382.html,,,,,,,,,,,,,,
"C47,C152",1nF,~,Capacitor_SMD:C_1206_3216Metric_Pad1.33x1.80mm_HandSolder,2,,https://www.lcsc.com/product-detail/Multilayer-Ceramic-Capacitors-MLCC-SMD-SMT_TORCH-CT41G-0402-2X1-16V-0-1-F-K-N_C141382.html,,,,,,,,,,,,,,
C110,560pF,~,Capacitor_SMD:C_0805_2012Metric,1,,https://www.lcsc.com/product-detail/Multilayer-Ceramic-Capacitors-MLCC-SMD-SMT_YAGEO-CC0805JRNPO9BN561_C107119.html?s_z=n_560pF,,,,,,,,,,,,,,
C19,100pF,~,Capacitor_SMD:C_0805_2012Metric,1,,https://www.lcsc.com/product-detail/Multilayer-Ceramic-Capacitors-MLCC-SMD-SMT_YAGEO-CC0402JRNPO9BN101_C106200.html,,,,,,,,,,,,,,
"C23,C42",33pF,~,Capacitor_SMD:C_0603_1608Metric,2,,https://www.lcsc.com/product-detail/Multilayer-Ceramic-Capacitors-MLCC-SMD-SMT_33pF-330-5-50V_C107047.html,,,,,,,,,,,,,,
C15,33pF,~,Capacitor_SMD:C_0805_2012Metric,1,,https://lcsc.com/product-detail/image/CC0603JRNPO9BN330_C107047.html,,,,,,,,,,,,,,
C13,33pF,~,Capacitor_SMD:C_0805_2012Metric,1,,https://www.digikey.com/en/products/detail/yageo/CC0805JRNPO9BN330/302839,,,,,,,,,,,,,,
"C25,C26,C81,C82",20pF,~,CTS_Capacitor_SMD:C_0402_1005Metric,4,,https://www.lcsc.com/product-detail/Multilayer-Ceramic-Capacitors-MLCC-SMD-SMT_Samsung-Electro-Mechanics-CL05B104KO5NNNC_C1525.html,,,,,,,,,,,,,,
"C22,C41",10pF,~,Capacitor_SMD:C_0603_1608Metric,2,,https://www.lcsc.com/product-detail/Multilayer-Ceramic-Capacitors-MLCC-SMD-SMT_CCTC-TCC0603COG100J500CT_C376764.html?s_z=n_10pF%25200603,,,,,,,,,,,,,,
"R78,R79,R80,R81,R82,R83",0R,~,Resistor_SMD:R_1206_3216Metric,6,,https://lcsc.com/product-detail/image/FRC1206P000-TS_C2907406.html,,,,,,,,,,,,,,
R10,0R,~,Resistor_SMD:R_0805_2012Metric,1,,https://www.lcsc.com/product-detail/Chip-Resistor-Surface-Mount_FOJAN-FRC0805F0000TS_C2907215.html?s_z=n_10k,,,,,,,,,,,,,,
R8,0R,~,Resistor_SMD:R_0603_1608Metric,1,,https://www.lcsc.com/product-detail/Chip-Resistor-Surface-Mount_FOJAN-FRC0603F0000TS_C2906974.html?s_z=n_10k,,,,,,,,,,,,,,
